artista_id;nombre
3yJkmzLpEtKsiR2g1cVNQl;1set
6fWVd57NKTalqvmjRd2t8Z;24kGoldn
0FWzNDaEu9jdgcYTbcOa4F;3OH!3
2a0fbijQhcaj1hOFp5b3id;4 Strings
5Rl15oVamLq7FbSb0NNBNy;5 Seconds of Summer
2jzc5TC5TVFLXQlBNiIUzE;a-ha
5Wg2b4Mp42gicxEeDNawf7;A7S
52MFUXZatn0KsT2bdPQI2a;Aaron Krause
5Nm4sZeWDNd1sOs5HcxAbl;Aaron Smith
0LcJLqbBmaGUft1e9Mm8HV;ABBA
03Xxe7sWXZW0NlayYQQHIn;Abbie Ozard
4rNhP2V4a54UCel3QaVgGp;Abby
711MCceyCBcFnzjGY4Q7Un;AC/DC
6prmLEyn4LfHlD9NnXWlf7;Adam Lambert
54tv11ndFfiqXiR03PwdlB;Adam Melchor
4dpARuHxo51G3z768sgnrY;Adele
70nxnxEqDQIEWneRjg2Q4O;Adolescent's Orquesta
7Ey4PD4MYsKc5I2dolUwbH;Aerosmith
6SsTlCsuCYleNza6xGwynu;Agnes
0BqALs1lInR9TTOulUADH7;Ahmad Jamal Trio
3vsVCHUe68gqUMIZwaVUIK;Aisha Badru
6dn6x1XOng3LOAnfTjUn77;AJ Mitchell
07SFzTMeYf5P8Rd32a9Zzw;AK Ausserkontrolle
3dkbV4qihUeMsqN4vBGg93;Al Green
0duLKMlcwhyZgqu8zSSjBp;Alaina Castillo
6IYnSXO40Bh7Zdqhf6rQoj;Alannah Myles
5IH6FPUwQTxPSXurCrcIov;Alec Benjamin
2wUjUUtkb5lvLKcGKsKqsR;Alessia Cara
58MLl9nC29IXbE4nEtuoP2;Alex & Sierra
6QzMY3tnu0m56eKUnr4uCF;Alfie Templeman
62CcVzIaV3dNGEmE12YAL9;ALi
4rTv3Ejc7hKMtmoBOK1B4T;Ali Gatie
2hH16roqnQFy0PdSmgZRSJ;Ali471
0aNCjE72yyrhKQB1qfPBpi;Alice Deejay
3DiDSECUqqY1AuBP8qtaIa;Alicia Keys
1kiq2kUV0cbLUhJsr7cpW0;Alida
6hfwwpXqZPRC9CsKI7qtv1;Alina Baraz
5J6L7N6B4nI1M5cwa29mQG;Alison Krauss
5Ul7YrRYtvl8da6i7Ziakt;All Our Exes Live in Texas
1B8ySGDAiXTCvnJNH4HSCG;All-4-One
239Y6QdFqVFfdsw6moqSEN;Allman Brown
1bnxrGpNXaVSzgbwEFL0qj;Alter Ego
0MlOPi3zIDMVrfA9R04Fe3;American Authors
6Q192DXotxtaysaqNPy5yR;Amy Winehouse
12hXa5arH0RHd2Ec7zjSNy;Andain
0Emz7Y7utBVunAblbfCdrC;Anddy Caicedo
6ps9u0MZquDDBReh8XuBeY;Andrea von Kampen
6xX1Zl1ebx9oUiIr8iK5HU;Andrew James
2oX42qP5ineK3hrhBECLmj;Andy Grammer
5mFKYdmiYwNJTDtSzgFyQx;Andy Shauf
4tvKz56Tr39bkhcQUTO0Xr;Angus & Julia Stone
1QyjHJQb3WeWFxXaNLpLOw;Anna Ash
2ah0mxguVUG73HhXLiOP8O;Anna Barnett
1gGy6vCfc2Q2rAe1uhCCIs;AnnaGrace
1zNqDE7qDGCsyzJwohVaoX;Anne-Marie
5MspMQqdVbdwP6ax3GXqum;Annie Lennox
59FeKdChfWED6sfb6QQbzj;Anthony da Costa
0LtICwkx09q0oc4VjuwJTT;ANYA
1f3ubTd6eyxuy30ddDJQQa;Aoife O'Donovan
1qQLhymHXFPtP5U8KNKsm6;Apache 207
2uWcrwgWmZcQc3IPBs3tfU;Apink
317bKonzjbtsJUh5RrgWWh;Applewood Road
26GHRG8x1F4AzbCKzUaIbw;Aquilo
7nwUJBm0HE4ZxD3f5cy5ok;Aretha Franklin
66CXWjxzNUsdJxJ2JdwvnR;Ariana Grande
0vRvGUQVUjytro0xpb26bs;Arizona Zervas
6ykfXAed2KOLOMI3R0TZdz;Art Blakey & The Jazz Messengers
0LTIwNcvI31Zf5wwFVRHyu;Art Ensemble Of Chicago
3DtSOCXYU6o4EV0K1NgIKq;Art Tatum
1rSGNXhhYuWoq9BEz5DZGO;ARTY
6P5NO5hzJbuOqSdyPB7SJM;Ashe
14scxEoUN7Dcx1m4EQ7oHe;Ashley O
3AVfmawzu83sp94QW7CEGm;Astrid S
7jZM5w05mGhw6wTB1okhD9;ATB
6JMHws5haIO6V35YNYDnDw;Atomic Kitten
04abdnqPQe2N4fjztDea6z;Austin Mahone
6deoGjNPov9XZSS8A2PCST;AUSTN
4npEfmQ6YuiwW1GpUmaq3F;Ava Max
1qto4hHid1P71emI6Fd8xi;Aventura
0p4nmQO2msCgU4IF37Wi3j;Avril Lavigne
1mux8L6xg2Cmrc7k0wQczl;Bacilos
5rSXSAkZ67PYJSvpUpkOr7;Backstreet Boys
4q3ewBCX7sLwd24euuV69X;Bad Bunny
7uGeDBa1LJ7T1X4fpl8mwk;Bad Computer
5UKoKVlU7EDN4UgDuVRAbX;Baek A Yeon
4qWnlmXWuGv2TtuxtIWlJX;BANNERS
4Ehizytd7yGJKj5ywFyj3E;Bantwanas
3alW3LYQS8K29z8C8NSLIX;Barry Manilow
3rfgbfpPSfXY40lzRK7Syt;Barry White
2iuqXpyyC67z6S2pq2m0gV;Basia Bulat
2BJTwV4IpFe2gWL46KKlji;Basto
4GvEc3ANtPPjt1ZJllr5Zl;Bazzi
35l9BRT7MXmM8bv2WDQiyB;beabadoobee
03r4iKL2g2442PT9n2UKsx;Beastie Boys
64M6ah0SkkRsnPGtGiRAbb;Bebe Rexha
5n9jfCRA7AFY1JfYc5ZYK5;Becca Mancari
4obzFoKoKRHIphyHzJ35G3;Becky G
7xkAwz0bQTGDSbkofyQt3U;Belinda Carlisle
3FfbgiZhcCkoiI7IzOwXlI;Ben Abraham
3plJVWt88EqjvtuB4ZDRV3;Ben E. King
5schNIzWdI9gJ1QRK8SBnc;Ben Howard
0Cp8WN4V8Tu4QJQwCN5Md4;BENEE
7jEEE187pVG6InOxn03oA5;Benjamin Ingrosso
2aS6jYh7ysTL1ZUsHneNgM;Berlin
0syIRg9MPSpJIC0QCPUaHB;Beta Radio
5e7T6HgLUX7hDhKSF7DFE7;Beth Porch
73A3bLnfnz5BoQjb4gNCga;Bicep
4GoD5FJCgC0lbzde7ly44M;Biig Piig
7gqsi6aBSkRMJoL9psKqMr;Bill Callahan
4jXfFzeP66Zy67HM2mvIIF;Bill Evans
3VEG6gxFIMfl4Cdog26avS;Bill Evans Trio
3MFp4cYuYtTZe3d3xkLLbr;Bill Haley & His Comets
1ThoqLcyIYvZn7iWbj8fsj;Bill Withers
6qqNVTkY8uBg9cP3Jd7DAH;Billie Eilish
7lzordPuZEXxwt9aoVZYmG;Billy Idol
6zFYqv1mOsgBRQbae3JJ9e;Billy Joel
2lKeiALM1T2TZrOiTYlLNA;Billy Lockett
5IDs1CK15HegSAhGEbSYXo;Billy Ocean
5gw5ANPCVcxU0maLiGRzzP;Billy Raffoul
60rpJ9SgigSd16DOAG7GSa;Billy Ray Cyrus
2sNHl4oXsU0DVTy9u1otGt;Birdtalker
2WX2uTcsvV5OnS0inACecP;Birdy
1yxSLGMDHlW21z4YXirZDS;Black Eyed Peas
5M52tdBnJaKSvOpJGz8mfZ;Black Sabbath
41MozSoPIsD1dJM0CLPjZF;BLACKPINK
7wLyGTO9vUS7ndlq4BvBGe;Blake Rose
3ccVtqcqedranb7y8eywJ5;Blanco White
6FBDaR13swtiWwGhX1WQsP;blink-182
2yEkZBBjhzKzt6LF5XMaFi;Blue
0UpuH5U4nZ3UGGUJi0Zfbp;Blue Swede
7MhMgCo0Bl0Kukl93PZbYS;Blur
74ASZWbe4lXaubB36ztrGX;Bob Dylan
485uL27bPomh29R4JmQehQ;Bob Seger
4k5fFEYgkWYrYvtOK3zVBl;Bolbbalgan4
4LEiUm1SRbFMgfqnQTwUbQ;Bon Iver
58lV9VcRSjABbAbfWS6skp;Bon Jovi
1aS5tqEs9ci5P9KD9tZWa6;Bonez MC
4KDyYWR7IpxZ7xrdYbKrqY;Bonnie Raitt
0SD4eZCN4Kr0wQk56hCdh2;Bonnie Tyler
2CKaDZ1Yo8YnWega9IeUzB;Booka Shade
1I5pYXplsbqmHaVWlAEhla;Bougenvilla
6O74knDqdv3XaWtkII7Xjp;Boyz II Men
2sG4zTOLvjKG1PSoOyf5Ej;Brandi Carlile
5vMAKlvvMNSRQRYCAvpG6S;Brandy Clark
26C2AjqgMr5aDzj6Yp2ORz;Brent Cobb
3tlXnStJ1fFhdScmQeLpuG;Brent Faiyaz
3JlzEFwarS8ZcCGNFy11y4;Brian Fallon
5o206eFLx38glA2bb4zqIU;Bright Eyes
26dSoYclwsYLMAKD3tpOr4;Britney Spears
3eqjTLE0HfPfh78zjh6TqT;Bruce Springsteen
0du5cEVh5yTK9QJze8zA0C;Bruno Mars
3Z02hBLubJxuFJfhacLSDc;Bryan Adams
1ShZZUjkbXCjhwrb18BA8I;Bryce Vine
0wyMPXGfOuQzNR54ujR9Ix;Caamp
0fs9otT9TtwXUOcFXZomZY;Caiiro
68Ak4aWD1lICGb45QFjY12;Cailee Rae
3QOwPxkPpGvhbiPaEs7Pnl;Caitlin Canty
3uikSah4dwqwuk0EidFI4R;Caitlyn Smith
0yNSzH5nZmHzeE2xn6Xshb;Calle 13
6ydoSd3N2mwgwBHtF6K7eX;Calum Scott
7CajNmpbOovFoOoasH2HaY;Calvin Harris
4nDoRrQiYLoBzwC5BhVJzF;Camila Cabello
28gNT5KBp7IjEOQoevXf9N;Camilo
5Pqx4mXYDGIDcg8E5FYjZ8;Carl Douglas
4vhNDa5ycK0ST968ek7kRr;Carlos Vives
6sFIWsNpZYqfjUpaCgueju;Carly Rae Jepsen
4FtSnMlCVxCswABUmdhwpm;Carly Simon
319yZVtYM9MBGqmSQnMyY6;Carole King
4De2r7QdHl1eZwnEnQ1IzE;Caroline Spence
4xFUf1FHVy696Q1JQZMTRj;Carrie Underwood
0N0d3kjwdY2h7UVuTdJGfp;Cascada
2weA6hhVqTIN2gSn9PUB9U;Celia Cruz
3BJX1nYizKvWpZTY5HOAr4;Charley Crockett
78CiW0UJbHspFaVuVexOK6;Charlie Cunningham
4Ww5mwS7BWYjoZTUIrMHfC;Charlie Parker
6VuMaDnrHyPL1p4EHjYLi7;Charlie Puth
6NdzNrBP8Jbhzp6h7yojht;CHEEZE
72OaDtakiy6yFqkt4TsiFt;Cher
3rxeQlsv0Sc2nyYaZ5W71T;Chet Baker
5olDKSsFhhmwh8UCWwKtpq;Chick Corea
5NS0854TqZQVoRmJKSWtFZ;Chino & Nacho
3KSEcvpvbR40uwA4eiSJUa;Chloe Foy
5D3muNJhYYunbRkh3FKgX0;Chord Overstreet
2RpHsROrX075xfIwHn6B2U;Chris de Burgh
5Igpc9iLZ3YGtKeYfSrrOE;Chris Lake
4YLtscXsxbVgi031ovDDdh;Chris Stapleton
5B7NeaqVrmXPyF05C9tnZ3;Christian Lee Hutson
1KiDbdT8AHOwmlA0LwhpQc;Christian Lopez
7H55rcKCfwqkyDFH9wpKM6;Christina Perri
695W5F2Ih8dYahLdjVOIoH;Christopher Cross
0uvkj2Pqn60liBxf2a91D4;Christopher Paul Stelling
293zczrfYafIItmnmM3coR;Chuck Berry
3vidJsiALgVC5ZuweJgeDT;Chuck Prophet
2PSJ6YriU7JsFucxACpU7Y;CHUNG HA
2aenOcvulZ1Zltq7bAdbi4;Chymes
7zOuMHqRJ6YOMnCGpLfuTU;Ciaran Lavery
6hl5k4gLl1p3sjhHcb57t2;Circa Waves
4XSTvtAr5tA6YbCchr5TQI;Circus DJ's
6RHKEd9dpzQ4c09x8Zdaxu;Clara Mae
20aPu5vizjmoX2A7f7AOWL;CLAY
7okSU80WTrn4LXlyXYbX3P;Clinton Kane
0eecdvMrqBftK0M1VKhaF4;CNCO
6aZyMrc4doVtZyKNilOmwu;Colbie Caillat
4gzpq5DPGxSnKTe4SA8HAU;Coldplay
4Uc8Dsxct0oMqx0P6i60ea;Conan Gray
0hEeBhTVYUKs2B4PY2IdMB;Conor Byrne
6mU8ucezzms5I2kNH6HNlu;Conor Maynard
508wtStPsMdIxMButKYnOS;Conor Ross
29WzbAQtDnBJF09es0uddn;Corinne Bailey Rae
6ySxYu68zTsO5ghsThpGtS;Cosmic Gate
1EI0B66miJj5Fl408B7E9H;Courtney Marie Andrews
7ohlPA8dRBtCf92zaZCaaB;Crowded House
0BZ3BHzfYwpd3k5TDnvAz8;Culture Beat
6kz53iCdBSqhQCZ21CoLcc;Culture Club
3cniTumSiUysiPWXapGx1i;Cutting Crew
1D9BiGJs3fNXxVidkbKn0M;CUTTS
2BTZIqw0ntH9MvilQ3ewNY;Cyndi Lauper
4YuviELTmYBvDR66ThrMy9;Da Capo
4r63FhuTkUYltbVAg5TQnk;DaBaby
4VMYDCV2IEDYJArk749S6m;Daddy Yankee
4tZwfgrHOc3mvqYlEYSvVi;Daft Punk
1HvcqyRLS9nF8hAbTWOqpr;Dan Hartman
11hIqBsGRPztdjBHCSLClX;Daniel Bedingfield
7xTcuBOIAAIGDOSvwYFPzk;Daniel Powter
4exGY59juoSimpcH1NiuaR;Daniela Darcourt
5H1nN1SzW0qNeUEZvuXjAj;Danny Ocean
4Aarr7f0itQ2WFmmiPcriK;Dar Williams
3pjq2pDV9RR6VY55wBjVnp;Dardan
0mKLP9jGn5eAZDlaq7UYQY;Darling West
0LhHRmSd1EYM5QdNeNnCoQ;Darude
4PAN1zWvarcHxfPhJOAHMg;Daughter of Swords
4wknbsqzOCI7g8xihM7QP7;Dave Armstrong
3kUKwTJdH8FuWzF8p6Dg9E;Dave Brubeck
7mRVAzlt1fAAR9Cut6Rq8c;Dave Grohl
5esenn11PLSJIISdQLn17E;Dave Holland Quartet
2C9n4tQgNLhHPhSCmdsQnk;David Archuleta
7J2lZBANizgPNfUzux31PV;David Gray
1Cs0zKBU1kc0i8ypK3B9ai;David Guetta
4RhFWLvAR5H5uXvjWVmxMG;David Keenan
4MBIFx8pthemIVuEJSgAxb;David Ramirez
4dcU7cmzO3GECQGSKwl92z;Dead Horses
5WWSL6rElJeUk3Uc1S2RyD;Dead Or Alive
3QSQFmccmX81fWCUSPTS7y;Dean Lewis
2D4FOOOtWycb3Aw9nY5n3c;Declan McKenna
568ZhdwyaiCyOGJRtNYhWf;Deep Purple
3uLhFaQjhEbDnMguww8De7;DeepCuba
0uGApGjjFXKwUOAqYBeX7B;Deepend
6H1RjVyNruCmrBEWRbD0VZ;Def Leppard
6S2OmqARrzebs0tKUEyXyp;Demi Lovato
0hE3uA2w3guHeKvuc7BpRr;Deodato
5KNNVgR6LBIABRIomyCwKJ;Dermot Kennedy
1Y8cdNmUJH7yBTd9yOvr5i;Destiny's Child
4QTVePrFu1xuGM9K0kNXkk;Dexys Midnight Runners
3MdG05syQeRYPPcClLaUGl;Diana Ross
01lbqGTSuT9Jr3gMwiF3Xw;Didirri
4CYeVo5iZbtYGBN4Isc3n6;Dio
0WwSkZ7LtFUFjGjMZBMt6T;Dire Straits
6nS5roXSAGhTGr34W6n7Et;Disclosure
0wva62e0Viq9HsLZwVOYxb;DJ Mog Feat Sarah Lynn
05OSns1wAHosXTq60av0WM;DJ Mshega
0z0w28IvsF1gsKhVAMbh9p;DLG
6T5tfhQCknKG4UnH90qGnz;DNCE
5cj0lLjcoR7YOSnhnX0Po5;Doja Cat
32vWCbZh0xZ4o9gkz4PsEU;Dolly Parton
6USv9qhCn6zfxlBQIYJ9qs;Dominic Fike
5dbuFbrHa1SJlQhQX9OUJ2;Don Henley
33ScadVnbm2X8kkUqOkC6Z;Don Omar
2EfG2EoT8GFJrMiilbTVl2;Donna Lewis
3TVXtAsR1Inumwj472S9r4;Drake
4RwbDag6jWIYJnEGH6Wte9;Drew Holcomb & The Neighbors
3O5HD95HTEPgoPFOjAb7yV;DripReport
6M2wZ9GZgrQXHCFfjv46we;Dua Lipa
3XINWZaloea97SIRiyTJxX;DubVision
37NqXwtb6nIEqRt4EJSoIO;Duffy
4F7Q5NV6h5TSwCainz8S5A;Duke Ellington
0lZoBs4Pzo7R89JM9lxwoT;Duran Duran
0z9hynUsIjf0ddI4uHqPWX;Dustin Tebbutt
5zaXYwewAXedKNCff45U5l;Dusty Springfield
5X4LWwbUFNzPkEas04uU82;DVBBS
7e1ICztHM2Sc4JNLxeMXYl;dvsn
60ZIrIA1iT9NStXmdAuhjR;Dwson
3ngKsDXZAssmljeXCvEgOe;Eagle-Eye Cherry
0ECwFtbIWEVNwjlrfc6xoL;Eagles
4H7QVpyCHkaUeEOpCPzZQk;Eastmountainsouth
6eUKZXaKkcviH0Ku9w2n3V;Ed Sheeran
7FfxvcUIbQ1VxrApeoq8ql;Eddie Berman
3ISnQ3eaEt4SEnd7GSInCO;Eddie Daniels
5Wg6XnPTp0xXxFCjywwR9I;Eddie Santiago
17wyRaHZkSFc2YwzdMWcS7;Edun
0L6Gwm0JDrgIQJfjarWSUR;Edwin McCain
2vf4pRsEY6LpL5tKmqWb64;Elderbrook
4K9OTkRXEFL6NDXFTqVmq9;Elina
7nDsS0l5ZAzMedVRKPP8F1;Ella Henderson
0X2BH1fck6amBIoJhDVmmJ;Ellie Goulding
5Q2wZO9HtA0UQPMCxQcHiu;Elsmore Carey
3PhoLpVuITZKcymswpck5b;Elton John
1c22GXH30ijlOfXhfLz9Df;Elvis Crespo
43ZHCT0cAZBISjO8DG9PnE;Elvis Presley
4ArPQ1Opcksbbf3CPwEjWE;Emilee
6Gi8ZaXGx8MK79HwzXpuVZ;Emily Burns
7dGJo4pcD2V6oG8kP0tJRR;Eminem
1vlR56ECqMAOA2mUTcTgPV;Emma Bale
5s6TJEuHTr9GR894wc6VfP;Emmylou Harris
6F3vLfyutkUhpM50G84eMt;Endor
7qG3b048QCHVRO5Pv1T5lw;Enrique Iglesias
31jvzuB4ikftPQZJwrYfCF;Enter Shikari
0z5DFXmhT4ZNzWElsM7V89;Erasure
2ekjTXgjxbWwBX5lTAj4DU;Eric Carmen
6PAt558ZEZl0DmdXlnjMgD;Eric Clapton
5sm0jQ1mq0dusiLtDJ2b4R;Eric Prydz
167VlZ0C0ewQbgKexRFcs6;Erin Rae
1zkHConahaP6T8EBpg8BeE;Ethan Gruska
6M7eKplcEZB8f87r2FMo3l;Ethan Parker
0iOVhN3tnSvgDbcg25JoJb;Etta James
7Js6Lde8thlIHXggv2SCBz;Europe
0NKDgy9j66h3DLnN8qu1bB;Eurythmics
5dvsqxFSksFVu3B08g1lNd;Evermore Vs. Dirty South
4UAnAM35NDxEWd5WXKv7jM;Everyone You Know
6Vh6UDWfu9PUSXSzAaB3CW;Example
5T4UKHhr4HGIC0VzdZQtAE;Faithless
4UXqAaa6dQYAk18Lv7PEgX;Fall Out Boy
2JwyRtuXf2l6sTnSnGVIa1;Farid Bang
4Y7tXHSEejGu1vQ9bwDdXW;Fatboy Slim
6jPriOYMyUL9kNonBI1CNd;Faustix
7dc6hUwyuIhrZdh80eaCEE;Fedde Le Grand
7iPH2BRBF9wKa6ljxvdext;Fenne Lily
3r17AfJCCUqC9Lf0OAc73G;Fergie
2ohlvFf9PBsDELdRstPtlP;Ferry Corsten
1n5YEhuNLUQG4fyhft986d;Field Report
20p5D2KrE8CGuOjHtxsyTp;Fine Young Cannibals
37M5pPGs6V1fchFJSgCguX;FINNEAS
4ueLGSUjr5bROoGkeZU4cW;Firewoodisland
70ZMFdCGEInTJ0z9KtXQ2u;Flanders
08GQAI4eElDnROBrJRGE0X;Fleetwood Mac
1moxjboGR7GNWYIMWsRjgG;Florence + The Machine
6IRouO5mvvfcyxtPDKMYFN;Foreigner
1pgtr4nhBQjp9oCUBPyYWh;Fountains Of Wayne
4bUqnkrDrb4f7rqmDR9yDu;Foy Vance
4vQV1LCGBdYAt5rIIPjSFZ;Frank Reyes
40Zt6u0Ig5vXtrq0htgqvt;Frankie Lymon & The Teenagers
4dLvccxeQIM5u80Ri0u9OV;Frankie Ruiz
3IG3Ub4ra8AuSxCFDVkVco;Franky Wah
0fTHKjepK5HWOrb2rkS5Em;Freddie Hubbard
3rbtPd0NcvhO2AzMfzx90z;Fredo
0g6VRF5TU1BM5FvK0yKyS2;French For Rabbits
5pDjmC5mRl7vDJhsjVwNfk;Freya Ridings
5aAlzehdUM14I4ppq24Xob;Fruko Y Sus Tesos
1RyvyyTE3xzB2ZywiAwp0i;Future
2ZuNcbGsaXWwd4BEejFXJD;Fynite
7rftfGIYEeZ79sLb58ZBDi;Gabrielle
3w6zswp5THsSKYLICUbDTZ;Gabrielle Aplin
3OqTvcWgb0xaainosGVvuZ;Gala
4nNwfeVaNJlfz8RdCT5MJO;Gareth Gates
5DYAABs8rkY9VhwtENoQCz;Gavin DeGraw
25tMQOrIU4LlUo6Sv8v5SE;Gavin James
5VAHm7V5mnsxvQrWw3KHmx;Gene Vincent
3CkvROUTQ6nRi9yQOcsB50;Genesis
2cy1zPcrFcXAJTP0APWewL;Gente De Zona
2ysnwxxNtSgbb9t1m2Ur4j;George Ezra
7FIoB5PHdrMZVC3q2HE5MS;George Harrison
2OpqcUtj10HHvGG6h9VYC5;George Jones
19ra5tSw0tWufvUp8GotLo;George Michael
7cpCnhhBIU1gA7EhTFApN1;Gerry Cinnamon
6tzN9Ew9w6JB0UQr8culs1;Gerry Mulligan Sextet
0qlWcS66ohOIi0M8JZwPft;GFRIEND
5a1u9fulLhPXwEWkrxmzEV;Gibson Brothers
1OAjDaKgg00KCUYqDe68un;Gigi D'Agostino
27vNK840zYq6IfDijHPsv1;Gilberto Santa Rosa
2H5elA2mJKrHmqkN9GSfkz;Gillian Welch
3uwAm6vQy7kWPS2bciKWx9;girl in red
3Caot8EtHX6wLpNF2wRzS0;Glen Hansard
6V6WCgi7waF55bJmylC4H5;Gloria Gaynor
3iri9nBFs9e4wN7PLIetAw;gnash
33szNKNcVX8x0jl8X7hxHL;Good Old War
23rleGXVOVVgTk3xgtmfE4;Gordon Lightfoot
78SfXT84Lde7FNt3MVBz1n;Grace Ackerman
7xBGi7Eign0fX7jGQj5KlJ;GRACEY
4tuJ0bMpJh08umKkEXKUI5;Gracie Abrams
7oPftvlwr6VrsViSDV7fJY;Green Day
33bzrYoIWLx5uox3y0VtHn;Greensky Bluegrass
5srTFnhX20nSJCaQJMjjNn;Gregor Salto, Chuckie
5sXaGoRLSpd7VeyZrLkKwt;Gregory Alan Isakov
5RJFJWYgtgWktosLrUDzff;Griff
1zng9JZpblpk48IPceRWs8;Grupo Niche
3qm84nBOXUEQ2vnTfUTTFC;Guns N' Roses
4ME85YvMUi1hdqhbind7gy;Guru Josh Project
6sHCvZe1PHrOAuYlwTLNH4;Gus Dapperton
0Ekfvspc0hlcxdfJJVjcnq;Guy Clark
3Y7RZ31TRPVadSFVy1o8os;H.E.R.
5p7f24Rk5HkUZsaS3BLG5F;Hailee Steinfeld
5cKlE8f6b26h61Ml7m052Q;Haley Reinhart
26VFTg2z8YR0cCuwLzESi2;Halsey
4y2MA188txnWeMIw9XwaJS;Han All
3IaqL9bsZtYJkqNLiovVho;Handsome Ghost
5cbutZUQE7SUCA6MsEMbBv;Hank Mobley
0SdiiPkr02EUdekHZJkt58;Hanson
0IF4B0ZFCLAbcshTusfEl1;Hardrive
6KImCVD70vtIoJWnq6nGn3;Harry Styles
1ifC4znYCvmMSJ0rght5JS;Haux
6Rx1JKzBrSzoKQtmbVmBnM;Hayley Williams
34jw2BbxjoYalTp8cJFCPv;Heart
5dCvSnVduaFleCnyy98JMo;HEIZE
1yewRvlKGWmNRHOSGgiRRo;Hello Ga-Young
2XdtmipGVPmA62ptDgX8QC;Henry Jamison
2ZvrvbQNrHKwjT7qfGFFUW;Herbie Hancock
6ycoXr0Ayd89vFUT6BOiWo;Herbie Mann
7DeuppKQdCVhuWrzzCBBpc;Hiromi
3GDAPdQP9OYzIlhd7HkbJj;Holley Maher
0nnYdIpahs41QiZ9MWp5Wx;Holly Humberstone
5ZATfKurLqflrBhv2FLht5;Horace Silver
5xki9xlp75MzW14oV2hC4w;Horst Jankowski and his Studio Orchestra
6jTnHxhb6cDCaCu4rdvsQ0;Hot Chelle Rae
1tRBmMtER4fGrzrt8O9VpS;Hot Since 82
2Mb147hrrMIoAy425UZkhv;Hubert Laws
4DX2G1URzfEiRg2wBfv4ub;Hudson Taylor
7A9yZMTrFZcgEWAX2kBfK6;Huey Lewis & The News
2u6q1sXo1CNVNLFCWqWDGo;Humbear
4XzsOuqFltgBcdHF3RZQbh;Hush Kids
7bmYpVgQub656uNTu6qGNQ;Hwa Sa
78sJswwVn4P8aEhkF4K6fQ;Hyolyn
1K8kkeM8j0BL8sQ4aR7Vh6;HYOMIN
0ywlMjAP1Sn2yrXn9oEHQB;iain andrew
45eNHdiiabvmbp4erw26rg;ILLENIUM
470WlqN9HSRDGNaMufeHHF;Imaginary Future
5rGrDvrLOV2VV8SCFVGWlj;Imanbek
3NIZFmehJM8YiGpCdihlck;INDIA
2w9zwq3AktTeYYMuhMjju8;INNA
7MlmAincLcFGKs2gyofE1a;InQfive
1eClJfHLoDI4rZe5HxzBFv;INXS
5jq01ts8cBQWwVZOpMax6s;Ira Wolf
6mdiAmATAx73kdxrNrnlao;Iron Maiden
5lXfVoQxVgC5fpjkVqvNYn;Isaiah
3D1IyJznpDnWnnFrzjuWnh;Ivan & Alyosha
5tKXB9uuebKE34yowVaU3C;Iyaz
1vyhD5VmyZ7KMfW5gqLgo5;J Balvin
1INuLZXjjVbcJRyWvD1iSq;Jack & Jack
1Zp054Jc86WVKCxKEqZGOA;Jack Garratt
2LIk90788K0zvyj2JJVwkJ;Jack Harlow
2wnHlwpI5kZaXQRGq21UNN;Jack Vallier
5lkiCO9UQ8B23dZ1o0UV4m;Jackson Browne
1VIbVO1ahhBhe1l8dEe245;Jacques Loussier
5LS9IzpE6W6Aw25KverdM9;Jacques Loussier Trio
7D8LuVnlyu91ndcPe70j7S;Jade Bird
6q94KewnCnut4Ta36dCoaB;Jake Isaac
3f5W9NEwkc1SAIPFuumcaf;Jamelia
4IWBUUAFIplrNtaOHcJPRM;James Arthur
4EzkuveR9pLvDVFNx6foYD;James Bay
7KMqksf0UMdyA0UCf4R3ux;James Blunt
6wlk4iqaEgEvADMVG6QMd8;James Gillespie
52BKc9OtCbQstAAPTIvLGH;James McMurtry
3LpLGlgRS1IKPPwElnpW35;James Morrison
543ccHFPnZfJMD8tRGPtu7;James Smith
0vn7UBvSQECKJm2817Yf1P;James Taylor
0B3N0ZINFWvizfa8bKiz4v;James TW
4w1ZBtHF0HxrGqQdB7i1it;Jamestown Revival
7rvB7ONJSqlmaCrcbhelir;Jamie Drake
7A0awCXkE1FtSU8B0qwOJQ;Jamie xx
41QP3s5kY0UroKcIeASAMY;Jang Jane
2TL8gYTNgD6nXkyuUdDrMg;Jasmine Thompson
07YZf4WDAMNwqr4jfgOZ8y;Jason Derulo
3Lg3FGwBxOGuefqekQzRUf;Jason Isbell and the 400 Unit
7g3iwvP459BN53F7CDxemI;Jason Moran
4phGZZrJZRo4ElhRtViYdl;Jason Mraz
4Q6nIcaBED8qUel8bBx6Cr;Jax Jones
1sLYZv95ZXwVfyGHan5w45;Jaykae
6QrQ7OrISRYIfS5mtacaw2;Jaymes Young
2jDw8yQFISqLWdK63ITATu;Jazzuelle
2TAqN8fwfaKauvviN4pOsv;JC Stewart
6u5mhJXgAKPTj6YVlZSPY9;JD McPherson
250b0Wlc5Vk0CoUsaCY84M;JENNIE
2DlGxzQSjYe5N6G9nkYghR;Jennifer Lopez
4xcDVatLFh6qlcm41er3LV;Jerome
2zyz0VJqrDXeFDIyrfVXSo;Jerry Lee Lewis
3kvy8do7n0qVqvlNFS4yOF;Jerry Reed
7wOZy3KdFVVINgNFFxkxwO;Jerry Rivera
6UAyCjS0OPMd1Ham8bvs9g;JES
4ScCswdRlyA23odg9thgIO;Jess Glynne
20roawY1tlpPSVJj1R29T3;Jesse Mann
2Hjj68yyUPiC0HKEOigcEp;Jesse McCartney
2gsggkzM5R49q6jpPvazou;Jessie J
35VpsbV6V2NdfTeNZEbKfc;Jill Andrews
1R6Hx1tJ2VOUyodEpC12xM;Jim Croce
5GXruybcLmXPjR9rKKFyS6;Jimmy Smith
5CBNhusqki2s2jp4Lo6i2L;JLV
7BFnoFhJjLWcsqmN3Hizqg;Joe Arroyo
3BG0nwVh3Gc7cuT4XdsLtt;Joe Henderson
36YE6h8aN09ZKG4EhneDSf;Joe Lovano
4DuZTASH5eSyd0K73W6fuZ;Joe Pass
36jaGQtMj5UWD0eO1fCVdD;Joel Adams
6DgP9otnZw5z6daOntINxp;Joel Corry
2hGh5VOeeqimQFxqXvfCUf;John Coltrane
7ytgyYmtUPfxXHsXEvgObK;John Craigie
4Sld5LOPbAm1QSq9U32fFV;John Hiatt
5y2Xq6xcjJb2jVM54GHK3t;John Legend
0hEurMDQu99nJRq8pTxO14;John Mayer
3lPQ2Fk5JOwGWAF3ORFCqH;John Mellencamp
5MPWTD6J1H9XqYEOb4QkdH;John Moreland
3Z1tibPKhUYWCno0IYicCN;John Parr
1yDI9pWnlrJmi9kZn3gkCb;John Paul White
0nJUwPwC9Ti4vvuJ0q3MfT;John Prine
56GNqAFg9wJNTwcHsJhyS2;John Smith
4hKkEHkaqCsyxNxXEsszVH;John Travolta
6kACVPfCOnqzgfEF5ryl0x;Johnny Cash
3MZsBdqDrRTJihTHQrO6Dq;Joji
5xuNBZoM7z1Vv8IQ6uM0p6;JoJo
66jsWaGhzSpHH1KRF34Oq3;Jonah Tolchin
7gOdHgIoIKoe4i9Tta6qdD;Jonas Brothers
6KJIIOCWsWtNc7ICINtPEw;Jonathan Wilson
5hW4L92KnC6dX9t7tYM4Ve;Joni Mitchell
3htJBdRyfwyCTKgpZAj6pY;Jordan Jay
1CoZyIx7UvdxT5c8UkMzHd;Jorja Smith
5Wfvw7rDz7HA6gE2z6QhqO;Joseph
6OJg4GNkAEtu0cfDVRbnjh;Joshua Hedley
1I7oHjCjMrMUz66v67yJJu;Joshua Hyslop
5XMyhVhi5ZN2pi0Qwi1zXS;Joy Crookes
4TCXgdDPm10ensLNCVnIYa;Joy Williams
4kYGAK2zu9EAomwj3hXkXy;JP Cooper
66W9LaWS0DPdL7Sz8iYGYe;JP Saxe
4MCBfE4596Uoi2O4DtmEMz;Juice WRLD
3mDo5Nv0SWpslJe9HzA2xY;Juke Ross
0ZED1XzwlLHW4ZaG4lOT6m;Julia Michaels
1uNFoZAHBGtllmzznpCI3s;Justin Bieber
31TPClRtHm23RisEBtV3X7;Justin Timberlake
4MvZ0qFh21x4rJ8lqMh5qZ;Kadiatou
3fV14PAU0MWFaj0Kt8MDWx;KaiL Baxley
3yvJrrnTj0rlI3DJ8NMnKH;Kang Min Hee
2hl0xAkS2AIRAu23TVMBG1;Kansas
2eSj64hhMVJPYbjpli6k4p;Karyendasoul
6TQj5BFPooTa08A7pk8AQ1;Kaskade
2TzHIUhVpeeDxyJPpQfnV3;Katrina & The Waves
6jJ0s89eD6GaHleKKya26X;Katy Perry
58bHgbHOExsHSOGlf0uUkL;KAWALA
4hXT6A14n901v8DU5Of337;KAYEF
7u6YsRweVTIxIOqHN9QM27;Keelie Walker
0cGUm45nv7Z6M6qdXYQGTX;Kehlani
3BmGtnKgCSGYIUhmivXKWX;Kelly Clarkson
7dBCtHnpE9LRrRftcPRbJr;Kelly McFarling
3AuMNF8rQAKOzjYppFNAoB;Kelly Rowland
6LqNN22kT3074XbTVUrhzX;Kesha
6LuN9FCkKOj5PcnpouEgny;Khalid
0fA0VVWsXO9YnASrzqfmYu;Kid Cudi
7dOBabd5O4CvKrg4iriHTM;Kid Rock
5PN2aHIvLEM98XIorsPMhE;Kim Carnes
4dvmLXorXADxVq8EcySEWk;Kim Na Young
7h4j9YTJJuAHzLCc3KCvYu;Kina Grannis
07XSN3sPlIlB2L2XNcTwJw;KISS
4lDiJcOJ2GLCK6p9q5BgfK;Kontra K
0kRAVpQhUUArA8UnYwEdeZ;Kwon Jin Ah
23fqKkggKUBHNkbKtXEls4;Kygo
13or1Wf6ipcvSIiurZATvw;La Sonora Dinamita
2feDdbD5araYcm6JhFHHw7;Labrinth
32WkQRZEVKSzVAAYqukAEA;Lady Antebellum
1HY2Jd0NmPuamShAr6KMms;Lady Gaga
1whjlG0NSaQytgDIWz10GS;Landon Pigg
49tQo2QULno7gxHutgccqF;LANY
25Kw8f1zcn9VtUk5Nl3qrp;Lasgo
7B2edU3Q7btJoNsoHCNohM;Laura Marling
0jkK3K1ATFFHofEWjd2i00;Laura Veirs
40LHVA5BTQp9RxHOQ9JPYj;Lauren Daigle
5JZ7CnR6gTvEMKX4g70Amv;Lauv
2d3VHzlOEwXvmBdS4pzOPL;LeAnn Rimes
36QJpDe2go2KgaRleHCDTp;Led Zeppelin
738OS3zrCO782uDiUN9pet;Lee Ann Womack
3j0Q7sspsBVQm6SdlkqYp1;Lee Aram
6SFvlarNwNCJVr7p5ZHPp3;Lee Bo Ram
0LWZC1UccfSpUQvkRPXf7T;Lee Henke
4SzO3ea2qcjg1uLyNJAWnM;Lee Jin-Ah
2mBJXhOnDZnZFxvoaGsZlJ;Lee Seol Ah
0YbodxZ8dsnWW002EWS51w;Lemon & Herb
1cZQSpDsxgKIX2yW5OR9Ot;Lennon Stella
5lKZWd6HiSCLfnDGrq9RAm;Leona Lewis
5YJjMGHVQj1IHBabXX8lH6;Leroy Hutson
05E3NBxNMdnrPtxF9oraJm;Lester Young
4GNC7GD6oZMSxPGyXy4MNB;Lewis Capaldi
40ELTAg7Kg6vbWnlyx2n9R;Lewis Watson
5PokPZn11xzZXyXSfnvIM3;Lifehouse
5qK5bOC6wLtuLhG5KvU17c;Lil Mama
5zctI4wO9XSKS8XwcnqEHk;Lil Mosey
4O15NlyKLIASxsJ0PrXPfz;Lil Uzi Vert
3mXI2gpwWnNO9qbQG3n3EP;Lila Downs
0FkC6ADT1KhZkQe1o3Ykeu;Lily
3gMaNLQm7D9MornNILzdSl;Lionel Richie
0wgLwvDNCHdJ9FblyyD4Dc;Liquido
6Tyzp9KzpiZ04DABQoedps;Little Dragon
3e7awlrlDSwF3iM0WBjGMp;Little Mix
4xls23Ye9WR9yy3yYMpAMm;Little Richard
5v4XGACPGcMZs2ANXBzVmC;Liz Lawrence
426VSUSxx9puUYFgp7l7EQ;Liza Anne
68MHAPLIwh1JcUqfhb2MWn;Lizzie No
56oDRnqbIiwx4mymNEv7dS;Lizzo
4KcXOZaofRdvBDl0b8LOYM;Logan Ledger
52zMTJCKluDlFwMQWmccY7;LOONA
6ltzsmQQbmdoHHbLZ4ZN25;Lord Huron
1FE0rls8gfQT3laAeRYNgl;Loretta Lynn
1OV5mEATxtVma7fleFaUyl;Lori McKenna
40FzPNKgu0k9VMvvidiKCl;Los Hermanos Rosario
1z3BNUSDJB5V6sCYKJWH4q;Lou Donaldson
3loACRmkzdtOMNJEaB6j8L;Loudon Wainwright III
37YxyxKbCL7as3bH2adwQE;Lowland Hum
60ht0hWRy1yjUDfNsLuHuP;Lucinda Williams
5Vuvs6Py2JRU7WiFDVsI7J;Lucky Daye
2mUI4K6csTQd3jieswcmiI;Luis Enrique
2g84j7g5nypsaX8wm1BgMk;Luis Trindade
25u4wHJWxCA9vO0CzxAbK7;Lukas Graham
3Lw97gGh8bp1MftsYmwJHG;Luke Sital-Singh
56HZvtrzD82YKMGGJTlIG2;LUNA
19y5MFBH7gohEdGwKM7QsP;Luther Vandross
5e1SaJPn6U7YpOrNTkW1jH;Lydia Luce
0zlJDQgqnr9AocrH9gs1Es;Lyle Lovett
4MVyzYMgTwdP7Z49wAZHx0;Lynyrd Skynyrd
6nXSnNEdLuKTzAQozRtqiI;M. Ward
1MIVXf74SZHmTIp4V4paH4;Mabel
1kTrYYWMLQsBKlbINUg1Su;Mabes
4ylR3zwA0zaapAu94fktwa;Macy Gray
6otgz5gkB40UnWFwTy0VDh;Madison Avenue
2kRfqPViCqYdSGhYSM9R0Q;Madison Beer
4AYkFtEBnNnGuoo8HaHErd;Madness
0DxeaLnv6SyYk2DOqkLO8c;MAGIC!
2RVvqRBon9NgaGXKfywDSs;Maisie Peters
4cP0bprQSFtZdI9QEKKZA3;Mal Waldron
1r4hJ1h58CWwUQe3MxPuau;Maluma
0XATRDCYuuGhk0oE7C0o5G;Mamamoo
4wLXwxDeWQ8mtUIRPxGiD6;Marc Anthony
2C8mKwk3z5DtqLcSwUdYJ9;Marc Cohn
09yvLritEUxHrzx5TlFvbl;Margo Price
4iHNK0tOyZPYnBU7nGAgpQ;Mariah Carey
20s0P9QLxGqKuCsGwFsp7w;Mario
7Il2FrLyoQt0JlyhJRDL1c;Mark Diamond
6NTqKc3QP7vThR0LdXPmps;Mark Kramer Trio
5ENM4Vw9brkpcN51HtC8ga;Marlon Williams
04gDigrS5kc9YWfZHwBETP;Maroon 5
64KEffDW9EtZ1y2vBYgq8T;Marshmello
0Xi59sEw38vRvwleSAVqoo;Marty Robbins
559WWygoFrpAD58V0PqVwO;Marty Stuart And His Fabulous Superlatives
3koiLjNrgRTNbOwViDipeA;Marvin Gaye
72FO0BvoMxHvbQwbNrKqtj;Mary Bragg
4SK1IgkcWWc5HC1TOBq1VS;Mary Gauthier
6hrEc1XqVcGLK0Di6zVADR;Mary Lou Williams
2QMCcKIPHnjQaPPgoEst88;Matisse & Sadko
00eBZtIQVnVtZHOW1qDDDn;Matthew Nolan
68524z8sd176IRenNb1Fjy;Matthew Perryman Jones
3bmFPbLMiLxtR9tFrTcKcP;Matthew Wilder
2Q9c6ETFOkDDTy53U7DIgr;Maximillian
6zkbUEItDv8gNXeO5WkkNX;Maxx
183NiypM74rwjSbeava1pq;Maya De Vitry
2EsmKkHsXK0WMNGOtIhbxr;McCoy Tyner
5jN2q5MCOQJaBAYIF7Os4J;Meadows
181bsRPaVXVlUKXrxwZfHK;Megan Thee Stallion
6JL8zeS1NmiOftqZTRgdTz;Meghan Trainor
4qEwU3zQyCd1JkSJisFUuY;Megson
63yrD80RY3RNEM2YDpUpO8;Melanie Martinez
2ye2Wgw4gimLv2eAKyk1NB;Metallica
7vXwfZyDp3spzIVNXDaTPN;Metro Station
1GxkXlMwML1oSg5eLPiAz3;Michael Buble
3fMbdgg4jU18AjLCKBhRSm;Michael Jackson
7pVlSY0sM9o4dAOOO2Ntue;Michael Naura Quartet
21aa4pj9BvbFB2iT8kRpnq;Michael Schulte
771qBvjnXOH9Azr6lKy6FB;Michael Sembello
0h3YCmvRJ2jqt4jFiR6nGL;MIIA
5MmVJVhhYKQ86izuGHzJYA;MIKA
0kbYTNQb4Pb1rPbbaF0pT4;Miles Davis
5YGY8feqx7naU7z4HrwZM6;Miley Cyrus
5Bcrb5qQMVTEbJ43fdIS4A;Mipso
2l35CQqtYRh3d8ZIiBep4v;MKTO
3OsRAKCvk37zwYcnzRf5XF;Moby
79bxUQsBIXO8nVLB9fYKf7;Modern Talking
0AkpPlFLnr0VQwZQeMGht0;Modjo
3rs3EOlJ8jyPpdGiQ9Mhub;Monchy & Alexandra
0LHfA50RG8DSCk4divJea4;morning coffee
4bh77HBBwCekmEPcbXAljy;Motte
7LCp4MN0SOIVWlssid9KyE;Mountain
12YP3RGVLp3c36Zi6lFRtR;Mr. Don
4cpTlyZCR7ed2g4WG8gUDf;Murtagh
6ZoRg8NnEtVmtUhgCTSCrn;Nadia Reid
3IZrrNonYELubLPJmqOci2;Nancy Sinatra
0dlOr0VIysztGWvU1dpjmP;Natalie Imbruglia
7o95ZoZt5ZYn31e9z1Hc0a;Natasha Bedingfield
6ldgbkFgkKxOTa5caCyUDl;Nate Richert
3kyJ9Dtcfsww8eXKdmLvtf;Nathan Reich
59uIMi3xrGO0kwfy7Zea24;Navvy
21E3waRsmPlU7jZsS13rcj;Ne-Yo
2TM0qnbJH4QPhGMCdPt7fH;Neck Deep
7mEIug7XUlQHikrFxjTWes;Neil Diamond
0RpddSzUHfncUWNJXKOsjy;Neon Trees
6fOMl44jA4Sp5b9PpYCkzz;NF
09Z3wZ88af1pfyJxziESQF;Nick Wilson
6deZN1bslXzeGvOLaLMOIF;Nickelback
0hCNtLu0JehylgoiP8L4Gh;Nicki Minaj
1SupJlEpv7RS2tPNRaHViT;Nicky Jam
5ChF3i92IPZHduM7jN3dpg;Nicky Romero
6olE6TJLqED3rqDCT0FyPh;Nirvana
2nsCjA4fEasmnlOK0wXU7T;NIVIRO
0ErzCpIMyLcjPiwT4elrtZ;NLE Choppa
55fhWPvDiMpLnE4ZzNXZyW;Noah Cyrus
1kDGbuxWknIKx4FlgWxiSp;Nothing But Thieves
2DaxqgrOhkeH0fpeiQq2f4;Oasis
6y8XlgIV8BLlIg1tT1R10i;Old Dominion
6vUNwmljZAcn7tNtUoxG45;Old Sea Brigade
2nQKUeZeleLGNsJj6WLUXN;Oliver Nelson
2Npo4Cfm48M2uKlvxiXMic;Oliver Smith
6TLwD7HPWuiOzvXEa3oCNe;Oliver Tree
1QRj3hoop9Mv5VvHQkwPEp;Olivia O'Brien
5FxD8fkQZ6KcsSYupDVoSO;Omar Apollo
5MouCg6ta7zAxsfMEbc1uh;OMI
0yNy8fi1yBBq526E6mx4Zs;Orianthi
6zkX5fhrSD4tdVOmimR9wB;Oscar Peterson
0ldU0QJm31y0d6f57R1G2A;Oscar Peterson Trio
349lepk5mVwAKROMAP13Mg;Oshima Brothers
3bw0A7x5AgdJsK20ai5iS6;Other Lives
60df5JBRRPcnSpsIMxxwQm;Otis Redding
11BHuhJ2jEMPNJ3WpwZVT8;OuiOui
07QEuhtrNmmZ0zEcqE9SF6;Owl City
1i8SpTcr7yvPOmcqrbnVXY;Ozuna
6ZLTlhejhndI4Rh53vYhrY;Ozzy Osbourne
1KCSPY1glIKqW2TotWuXOR;P!nk
4fwuXg6XQHfdlOdmw36OHa;Paloma Faith
20JZFwl6HVl6yg8a4H3ZqK;Panic! At The Disco
7x5rK9BClDQ8wmCkYAGsQp;Paolo Nutini
6tvrEIVX5eKJlipdzt11wi;Park Boram
2HPaUgqeutzr3jx5a9WyDV;PARTYNEXTDOOR
4T8dF8zYAxgtlPPICuFQ5w;Pascal Junior
0gadJ2b9A4SKsB1RFkBb66;Passenger
5MO2kbaGGA2a8kL4c9qqHq;Paul Oakenfold
2CvCyf1gEVhI0mX6aFXmVI;Paul Simon
20GkA5r78JwVBtZ4tNtriJ;Paul Thorn
7wU1naftD3lNq7rNsiDvOR;Paul van Dyk
2ycnb8Er79LoH2AsR5ldjh;Pet Shop Boys
0CdbG1eHVjqjkQsGoH2u1V;Peter Bradley Adams
5xWPOujQqd4wXyB08slZ9Z;Peter Cetera
7C4sUpWGlTy7IANjruj02I;Peter Gabriel
3F4I37yqRPW4B95eRCHsyA;Peter Oren
4lxfqrEsLX6N1N4OCSkILp;Phil Collins
1r1uxoy19fzMxunt3ONAkG;Phoebe Bridgers
0k17h0D3J5VfsdmQ1iZtE9;Pink Floyd
0TnOYISbd1XYRBk9myaseg;Pitbull
699OTQXzgjhIYAHMy9RyPD;Playboi Carti
6hAUCkzZpoYGObd8qFW5TT;Pokey LaFarge
6oPQiSj92N4mk5jXLtX1bl;Poppy Ajudha
246dkjvS1zLTtiykXe5h60;Post Malone
5Y8eJDj37KhaEeqbVO7Ag1;PRETTYMUCH
5a2EaR3hamoenG9rDuVn8j;Prince
1nf5yEVCfMbqm1OCYpntBT;Prince Fox
3MHaV05u0io8fQbZ2XPtlC;Prince Royce
6w1XCiB8efbfnusJ2jzmvu;Proyecto Uno
74jFP3mGfKxy6rvjiUc2o3;Puerto Rican Power
2FgZrgTMX6Sk0VNcOsEPmm;Punch
0VRj0yCOv2FXJNP47XQnx5;Quavo
1dfeR4HaWDbWqFHLkxsg1d;Queen
3nViOFa3kZW8OMSNOzwr98;Queen Naija
1dLWg6m8RRhizsdqJbhyj3;Quiet Riot
4KWTAlx2RvbpseOGMEmROg;R.E.M.
2tT6zyEbGIc7bpJHMdOrEs;Rachel Baiman
3QLIkT4rD2FMusaqmkepbq;Rachel Platten
2d0hyoQ5ynDBnkvAbJKORj;Rage Against The Machine
5elxYg57OGXnqXm6wZDmvm;Ralphy Dreamz
6FITmSxIMsk6TfulFiCIIz;Ram Jam
1co4F2pPNH8JjTutZkmgSm;Ramones
0a1gHP0HAqALbEyxaD5Ngn;Rascal Flatts
1mcTU81TzQhprhouKaTkpq;Rauw Alejandro
4gQ8biCMcMrOuBdJx639Q0;Ray Wylie Hubbard
251UrhgNbMr15NLzQ2KyKq;Rayland Baxter
4DD7qq4ctjwfbUOzFFVyMG;Raymond Fol
0L8ExT028jH3ddEcZwqJJ5;Red Hot Chili Peppers
1z4g3DjTBBZKhvAroFlhOM;Red Velvet
4ofCBoyEiGSePFAG500xev;Regard
3lWP7nrnwtWJFOANMDz0GJ;Regina Carter
1S0uvW1rgvtkNGma9su3fJ;Rey Ruiz
4T2k9bgIoC8bbqjqiEl9vZ;Rhys Lewis
0grdhNhiRLFBaFVyybqsj6;Richard Marx
5w75MoT8FfcGOMgjgrj1cz;Richard Thompson
0gxyHStUsqpMadRV0Di1Qt;Rick Astley
6IFXsrXBpwbIqtOUOiAa3p;Rick Springfield
7slfeZO9LsJbWgpkIoXBUJ;Ricky Martin
5pKCCKE2ajJHZ9KAiaK11H;Rihanna
6Si6fslrH2xSORoY5TclT5;RIKA
2KEqzdPS7M5YwGmiuPTdr5;Rina Sawayama
5Y9xEAGW4GwGJgbiI6W85P;Ritchie Valens
7r2oyrNc0YjSC7hZL87V0Y;Ro James
3DiJ8FDytuRHd8ayygyN8x;Roanoke
2HcwFjNelS49kFbfvMxQYw;Robbie Williams
0ZDm55WIaMpvEkX8cY1AAk;Robby Hecht
2YVF0Ou5zIc4mpgtLIlGN0;Robert Miles
0W498bDDNlJIrYMKXdpLHA;Roberta Flack
1OuxoQIMrPUQOoshgkopYx;Roberto Antonio
2XOzTjiQuB1TeW6JQKU3j7;Robin M
3t5xRXzsuZmMDkQzgOX35S;Robin Schulz
0Mt9IxntWHsf793bLZhQ9P;Rocoberry
2y8Jo9CKhJvtfeKOsYzRdT;Rod Stewart
757aE44tKEUQEqRuT6GnEB;Roddy Ricch
4QIJ2i8I6urte2scKgkVoY;Rodney Crowell
5OcQS469ZWswsuUEJtNIeo;Rohn Dahlberg
5lwmRuXgjX8xIwlnauTZIP;Romeo Santos
3Lj4Qc3mpCoyA43Gz7DibF;Romix
3nlHsNqwCSvT988ZfSW1Yh;Ronan Keating
2Fgg6KYXIgeRY3VxQjX9lP;Ronnie Dawson
0XHM5ZNJDU8e4CfbWMeSzC;Roo Panes
62HcvUj43NJbUB70pjC2Uk;RooRee
7ltDVBr6mKbRvohxheJ9h1;ROSALIA
6lx6XS8umFqYRVbBErx9fE;Rosanne Cash
3DIk8KcmVKTr4uGw3AuCtJ;Rose Cousins
3Aut8hgiqZSy2qmJluZMU9;Rosie Carney
0jUn8CXobOt0IixyR72una;Rothy
2SHhfs4BiDxGQ3oxqf0UHY;Roxette
3fhOTtm0LBJ3Ojn4hIljLo;Roxy Music
0JDkhL4rjiPNEp92jAgJnS;Roy Orbison
0x3PXj1WnuW7YsBxQK57xM;Ruben
5tIkXJTex4JY7cv9mmgAZx;Ruelle
2Hkut4rAAyrQxRdof7FVJq;Rush
2WzaAvm2bBCf4pEhyuDgCY;Ruth B.
1CPwHx5lgVxv0rfcp7UXLx;Ry Cooder
1kM5rgJvkiDMOoKX56H6pX;S Club 7
4GAVUIrGNz35VbCFfHTsca;Saevom
0H39MdGGX6dbnnQPt6NQkZ;SAINt JHN
7ufZdjYTNe1vzA9Z6Fek14;Saint Sister
6L1XC7NrmgWRlwAeLJvVtA;Sam Fischer
2wY79sveU1sp5g7SokKOiI;Sam Smith
78c7nvjh7AbOgTNV7QKMxZ;Samantha Harvey
07UNjwKXGW68cGvs4ifQlk;Sammy Brue
6h1s4i4XKIYv4ErDelLDN0;Samra
2Sqr0DXoaYABbjBo9HaMkM;Sara Bareilles
6nFBonVf7Lqaj05R0v5VGJ;Sarah Jarosz
4xnihxcoXWK3UqryOSnbw5;Sasha Sloan
3NRFinRTEqUCfaTTZmk8ek;Savage Garden
0Xemods2DGcYQi3sqxtHBO;SBGB
2LgklPXmvWVOQfzPVkuChg;Scott Helman
2wpJOPmf1TIOzrB9mzHifd;Scouting For Girls
5GtMEZEeFFsuHY8ad4kOxv;Seal
6S0dmVVn4udvppDhZIWxCr;Sean Kingston
07YUOmWljBTXwIseAUd9TW;Sebastian Yatra
0C8ZW7ezQVs4URX5aX7Kqx;Selena Gomez
6VX2R9L0O0d6qPvqGuIH7b;September
5Vz74ibGHBQaUa2ALDOH0v;Septeto Acarey
0EmeFodog0BfCgMzAIvKQp;Shakira
5e4Dhzv426EvQe3aDb64jL;Shania Twain
7gAaBJGZEADdDTINQ8hhe1;Shannon Delani
7n2wHs1TKAczGzO7Dd2rGr;Shawn Mendes
2RDOrhPqAM4jzTRCEb19qX;Sheck Wes
6VxCmtR7S3yz4vnzsJqhSV;Sheppard
5j21TGkrNEAJe3gG9VlS34;Shindy
4M6Z1wubeKtwPqbjJygTOc;Shontelle
0r9hdYsiUSE4AcOSYhCksK;Sid Griffin
7oeuJSyVZTCkm3BurLz8cG;Silver
3OcvS8PzSGYMBvLdzY6g3e;Silvestre Dangond
6hN9F0iuULZYWXppob22Aj;Simple Minds
1fa0cOhromAZdq2xRA4vv8;Simply Red
1eIplU9Tirv31ciSwMlPrl;Siobhan Miller
6gkWznnJkdkwRPVcmnrays;Sister Sledge
0vWslArrZa7drINEUobJZl;Siv Jakobsen
0lJlKQvuM2Sd9DPPyUXcHg;Sixpence None The Richer
0MeLMJJcouYXCymQSHPn8g;Sleeping At Last
2iEvnFsWxR0Syqu2JNopAd;Smash Mouth
1A9o3Ljt67pFZ89YtPPL5X;Snoh Aalegra
01y8iBZYk8aeNfPsuTVrAt;Sody
7zYj9S9SdIunYCfSm7vzAR;SOMI
3b4kLCI0ZJW47TFsNRqgCb;SOYOU
2urZrEdsq72kx0UzfYN8Yv;Spandau Ballet
0uq5PttqEjj3IH1bzwcrXF;Spice Girls
2w7IutHv5g4e8LumrwtjWR;Stardust
0kObWap02DEg9EAJ3PBxzf;Starship
4gIdjgLlvgEOz7MexDZzpM;Status Quo
2Y9AUayH5pyZpVfkDYDfJV;Stella Jang
6xdlt4biT0b4DKB3DMAfoj;Stephen Fretwell
6B72wjgAkhvxTVCL6xS6mC;Stephen Puth
2UBTfUoLI07iRqGeUrwhZh;Steve Earle
4ejc2q1FtezVtEDOEOuyMO;Steve Smyth
5gxynDEKwNDgxGJmJjZyte;Steve Winwood
7crPfGd2k81ekOoSqQKWWz;Stevie Nicks
7guDJrEfX3qb6FEbdPA5qi;Stevie Wonder
44M8i4BCwuBbmcQWwMaOfH;Stu Larsen
7rZNSLWMjTbwdLNskFbzFf;Sugababes
1JdJprpKvNgqBLGSDrMsv9;SUNG DAM
6MoXcK2GyGg7FIyxPU5yW6;SUNMI
1mORehSVEd7lcaT2d7Sl2K;SURAN
1lmU3giNF3CSbkVSQmLpHQ;Surf Mesa
4ETSs924pXMzjIeD6E9b4u;Surfaces
26bcq2nyj5GB7uRr558iQg;Survivor
3JaAGmSTpJK35DqWrDUzBz;Sweet
3qNVuliS40BLgXGxhdBdqu;TAEYEON
6MF9fzBmfXghAz953czmBC;Taio Cruz
3KEb1kbIZN5jumsjFEWgSW;Tal Bachman
6zVFRTB0Y1whWyH7ZNmywf;Tash Sultana
06HL4z0CvFAxyc27GXpf02;Taylor Swift
4bthk9UfsYUYdcFyqxmSUU;Tears For Fears
3mIj9lX2MWuHmhNCA7LSCW;The 1975
2AmfMGi3WZMxqFDHissIAe;The Aces
3vAaWhdBR38Q02ohXqaNHT;The All-American Rejects
3gdbcIdNypBsYNu3iiCjtN;The B-52's
30vw9jA2FfUcjQNtJPZBEG;The Bacon Brothers
5qOfTfMzTj2dvvpWKzIFk6;The Bad Plus
7kZBQcHbD4IKKEJIMnrRWC;The Ballroom Thieves
51l0uqRxGaczYr4271pVIC;The Bangles
3WrFJ7ztbogyGnTHbHJFl2;The Beatles
5aMmmNxw4vgpc5XC6hK0zp;The Calling
6DCIj8jNaNpBz8e5oKFPtp;The Cars
69GGBxA162lTqCwzJG5jLp;The Chainsmokers
1GhPHrq36VKCY3ucVaZCfo;The Chemical Brothers
6J7rw7NELJUCThPbAfyLIE;The Civil Wars
3RGLhK1IP9jnYFH4BRFJBS;The Clash
1VbWUxZTRNY2gw3qZ1tg9W;The Corrs
5nM5pj6cEIkzCkwBJZibHK;The Dead Tongues
0zOcE3mg9nS6l3yxt1Y0bK;The Fray
0DTHMLPSmN9DLQdi0Di5ND;The Godfathers Of Deep House SA
2sil8z5kiy4r76CRTXxBCA;The Goo Goo Dolls
0JpiOyzO3e8FYCsDe8EaUN;The Harmaleighs
1aX2dmV8XoHYCOQRxjPESG;The Human League
0tkKwWigaADLYB9HdFCjYo;The Irish Rovers
2iE18Oxc8YSumAU232n4rW;The Jackson 5
0C0XlULifJtAgn6ZNCW2eu;The Killers
2x7EATekOPhFGRx3syMGEC;The Knocks
47Z8LEl3LnQkcpva0xSthT;The La's
6qp6tNvcJu2yZuHxqe4Jls;The Lil Smokies
7JFtD8KnbAADBBDleIMuH7;The Lone Bellow
16oZKvXb6WkQlVAjwo2Wbg;The Lumineers
7wBFjZMHsC6nfV0HOSd6uI;The Modern Jazz Quartet
31KKBLM5RlNTW9EAYa6kW9;The Monty Alexander Trio
2JMtxA2S9SNUlqBlkDtXm6;The National Parks
62aOuuT7lqJXkmMJcH8w1C;The Ocelots
5LfGQac0EIXyAN8aUwmNAQ;The Offspring
79hrYiudVcFyyxyJW0ipTy;The Paper Kites
2kreKea2n96dXjcyAU9j5N;The Pointer Sisters
5NGO30tJxFlKixkPSgXcFE;The Police
1A92IAcd7A6npCA33oGM5i;The Proclaimers
6wPhSqRtPu1UhRCDX5yaDJ;The Pussycat Dolls
1NUD5By34MFynmuUynCfSj;The Real Thing
1x0DczFntbIchRLLSisGnM;The Reckless Electric
0gDg7FEsF4Y1jWddJJgcn4;The Rembrandts
4b0WsB47XCa9F83BmwQ7WX;The Righteous Brothers
22bE4uQ6baNwSHPVcDxLCe;The Rolling Stones
7CyeXFnOrfC1N6z4naIpgo;The Ronettes
2PaZWGu5T5nHjY2xxAkFsT;THE SCOTTS
3AQRLZ9PuTAozP28Skbq8V;The Script
5fIZHCg2de8322HZodBDWL;The Secret Sisters
60FV7KyxIH9FH1uq7u8inP;The Shapeshifters
5G49Sq5mMzAkGL4ZP6eVPY;The Staves
3bLSAQPeix7Xm2e5Gtn48R;The Steeldrivers
0epOFNiUfyON9EYx7Tpr6V;The Strokes
57bUPid8xztkieZfS7OlEV;The Supremes
3fTedgf4fh8D3s41dP0HWt;The Sweeplings
3RwQ26hR2tJtA8F9p2n7jG;The Temptations
2NhdGz9EDv2FeUw6udu2g1;The Wanted
1Xyo4u8uXC1ZmMpatF05PJ;The Weeknd
5JhaDdCfVwK1YJciYM7s6i;The White Album
67ea9eGLXYMsO2eYQRui3w;The Who
6FxuPrpa8phaP3Xn73emhT;The Wood Brothers
3uitNL8cJAFwhKlDO762Gx;The Woodlands
4PDpGtF16XpqvXxsrFwQnN;Thelonious Monk
56koGOp6EpWHZYOfuTTxRB;Thelonious Monk Septet
64tzIMKX4Npx37YLcNZZNC;THEMBA
6biWAmrHyiMkX49LkycGqQ;Thin Lizzy
7c6YXSeV5AremzaZGh7SWB;Those Usual Suspects
6mPZJXtFVaakznkRxdgWtC;Throttle
4frXpPxQQZwbCu3eTGnZEw;Thundercat
2jL1PBvL0gBZBPk6B38p3z;Tift Merritt
1EOuZ9k42Xpo2pGtpv986O;Timberwolf
1zuJe6b1roixEKMOtyrEak;Tina Turner
4vOycwLXdkMMzpZW04VW5m;Tito Nieves
5aPyEsPhCyp84LyZ4e3lzH;Tom Francis
6Rmg5JiRphFMlhkwGNl9Fu;Tom Gregory
2txHhyCwHjUEpJjWrEyqyX;Tom Odell
2UZMlIwnkgAEDBsw1Rejkn;Tom Petty
02U4dXZhGSo07f66l8JZ91;Tom Speight
2NjfBq1NflQcKSeiDooVjY;Tones And I
0u6GtibW46tFX7koQ6uNJZ;Topic
6xeFne1rkxMhKSW3ipvkdV;Toploader
2lDf4hYD0RvgNtYgblvb4i;Tori Harper
1vSN1fsvrzpbttOYGsliDr;Tori Kelly
3ZWab2LEVkNKiBPIClTwof;Townes Van Zandt
3FUY2gzHeIiaesXtOAdB7A;Train
2hO4YtXUFJiUYS2uYFvHNK;Traveling Wilburys
58xmt13Xf7RsThzGOM1aKh;Travis Atreo
0Y5tJX1MQlPlqiwlOH1tJY;Travis Scott
5e5Zm5z8OPycf55hgDxKIc;Tre Burt
7uaIm6Pw7xplS8Dy06V6pT;Trevor Daniel
33hAj1SghVYxDAxZxNDcyc;Trixie Mattel
3WGpXCj9YhhfX11TToZcXP;Troye Sivan
49CE2ffZ6Z3zeYSDauSKck;Tungevaag
3YQKmKGau1PzlVlkL1iodx;Twenty One Pilots
7n2Ycct7Beij7Dj7meI4X0;TWICE
7b85ve82Sh36a3UAx74wut;Twisted Sister
5LHRHt1k9lMyONurDHEdrp;Tyga
51Blml2LZPmy7TTiAg47vQ;U2
0CmQzDbG5zqRdXh0rcHYx5;UNA
1Oa2BGrI6B0GvKabXDU9Se;Unnveig Aas
2cnMpRsOVqtPMfq7YiFE6K;Van Halen
10exVja0key0uqUkk6LJRT;Vance Joy
5ILrArfIV0tMURcHJN8Q07;Vanessa Carlton
57xPD2CfuwxN6Ld7rf2iLG;Vanilla Acoustic
5J5a0hqBGCelowVl8EkK7z;Velvet
0cwmNvclzPd8mQnoHuIksj;Vengaboys
2wHuSfI5SnRFuRsaCKJRL3;Venus and the Moon
4YQAoV94k0IHLcZ9hbERGP;Vernizzi Jazz Quartet & Corrado Giuffredi
3v9wPA58IVrX2dg6AjSPgi;Virginia To Vegas
5YA1c6yVkPnflTLMfOgjzc;Vistas
6DIS6PRrLS3wbnZsf7vYic;WALK THE MOON
5ZKMPRDHc7qElVJFh3uRqB;Wanda Jackson
6zoDxs0nnHuD3dKmi7xIIj;Watkins Family Hour
0ZqhrTXYPA9DZR527ZnFdO;Wayne Shorter
3ao3jf5d70Tf4fPh2bnXVl;We The Kings
5lpH0xAS4fVfLkACg9DAuM;Wham!
4mYFgEjpQT4IKOrjOUKyXu;Wheatus
3UbyYnvNIT5DFXU4WgiGpP;Whitesnake
32aUoW94mJ7xTJI7fG0V1G;Whitney
6XpaIBNiVzIetEPCWDvAFP;Whitney Houston
2jnIB6XdLvnJUeNTy5A0J2;Why Don't We
2KOxHm9lGE9lFZDQdebD6B;Wildwood Kin
5LCDv4TvYRQD5ehflOBEh4;Wilfrido Vargas
41FEVJCBGidsJwbjq0KfgM;William Fitzsimmons
5GJWwpX2tnOruZviItXvM6;William Prince
3DrB9nBkn2tfhXxSsKAaor;William Wild
3E6xrwgnVfYCrCs0ePERDz;Wisin
1H5bZEYikISQmR2qY2SASI;Wyldest
2datC2OML2YxykP6vnDRmg;Yazmin Lacey
1G1mX30GpUJqOr1QU2eBSs;Yazoo
3zxKH0qp3nBCuPZCZT5Vaf;Yellowcard
4kYoLs6okVQkRPGtrzMgcU;You Salsa
4LKB1IkCINDDjEX8iS7glI;Young Bombs
62i8ukH7NagOk7lZE6B3xA;yourbeagle
33XkS6h90eeK7e6OJHw0mq;Yusef Lateef
6yJCxee7QumYr820xdIsjo;Zac Brown Band
1Xylc3o4UrD53lo9CvFvVg;Zara Larsson
21451j1KhjAiaYKflxBjr1;Zion & Lennox
2AM4ilv6UzW0uMRuqKtDgN;ZZ Top
